"","x"
"NEALE2_94_raw",1
"NEALE2_4079_raw",1
"GCST90000059",1
"GCST90025981",1
"FINNGEN_R6_O15_OEDEM_PROTUR_HYPERT",1
"NEALE2_2966_raw",1
"NEALE2_20111_100",2
"NEALE2_20111_8",2
"NEALE2_20003_1140860806",2
"NEALE2_6177_2",2
"NEALE2_6177_100",2
"FINNGEN_R6_RX_ANTIHYP",2
"FINNGEN_R6_I9_HYPTENSESS",2
"FINNGEN_R6_I9_HYPTENS",2
"FINNGEN_R6_I9_HYPERTENSION",2
"FINNGEN_R6_FG_HYPERTENSION",2
"FINNGEN_R6_I9_HEARTFAIL_AND_ANTIHYPERT",3
"SAIGE_401",2
"SAIGE_401_1",2
"NEALE2_20003_1140860696",2
"NEALE2_20003_1141194794",2
"NEALE2_6150_100",2
"NEALE2_6150_4",2
"NEALE2_20002_1065",2
"NEALE2_20003_1140866738",2
"NEALE2_6153_100",2
"NEALE2_20003_1140879802",2
"NEALE2_6153_2",2
"GCST90000061",4
"NEALE2_4080_raw",4
"NEALE2_93_raw",4
"NEALE2_20107_8",2
"NEALE2_20110_8",2
"GCST90000062",4
"GCST90025968",4
"GCST90038595",4
"GCST90038604",4
"FINNGEN_R6_I9_ISCHHEART",5
"FINNGEN_R6_I9_IHD",5
"FINNGEN_R6_I9_HEARTFAIL_AND_CHD",5
"FINNGEN_R6_DM_PERIPHATHERO",5
"FINNGEN_R6_I9_CORATHER",5
"NEALE2_20107_1",5
"GCST90038610",5
"NEALE2_6150_1",5
"GCST011364",5
"NEALE2_20002_1075",5
"GCST011365",5
"GCST005194",5
"GCST000998",5
"FINNGEN_R6_I9_REVASC",5
"FINNGEN_R6_I9_MI_STRICT",5
"FINNGEN_R6_I9_ANGINA",5
"FINNGEN_R6_I9_MI",5
"GCST90038605",5
"NEALE2_6150_2",5
"SAIGE_411_3",5
"GCST90038609",5
"NEALE2_20002_1074",5
"NEALE2_20111_1",5
"SAIGE_411_8",5
"SAIGE_411_1",5
"GCST005195",5
"SAIGE_411",5
"SAIGE_411_2",5
"SAIGE_411_4",5
"FINNGEN_R6_RX_STATIN",6
"GCST90002412",6
"GCST002221",6
"GCST002222",6
"GCST000759",6
"GCST000760",6
"SAIGE_272_11",7
"SAIGE_272",7
"SAIGE_272_1",7
"GCST90038690",7
"NEALE2_20002_1473",7
"NEALE2_20003_1141146234",7
"NEALE2_6177_1",7
"NEALE2_20003_1140861958",7
"NEALE2_6153_1",7
"GCST006696",8
"GCST006697",8
"GCST006702",8
"GCST006698",8
"GCST006699",8
"NEALE2_1807_raw",8
"GCST006700",8
"GCST006701",8
"GCST006414",9
"SAIGE_427_2",9
"SAIGE_427",9
"FINNGEN_R6_I9_OTHHEART",9
"FINNGEN_R6_CARDIAC_ARRHYTM",9
"FINNGEN_R6_I9_AF",9
"NEALE2_20107_100",5
"NEALE2_20110_1",5
"NEALE2_20110_100",2
"NEALE2_20003_1140868226",5
"NEALE2_6154_1",5
"GCST009541",3
"SAIGE_428",3
"FINNGEN_R6_FG_OTHHEART",3
"FINNGEN_R6_I9_CVD",3
"FINNGEN_R6_FG_DOAAC",3
"FINNGEN_R6_FG_CEREBVASC",3
"FINNGEN_R6_FG_CVD",2
"FINNGEN_R6_M13_ARTHTROSIS_COX_PRIM_ICD10",10
"GCST007091",10
"FINNGEN_R6_COX_ARTHROSIS",10
"SAIGE_740",10
"FINNGEN_R6_M13_ARTHTROSIS_COX",10
"SAIGE_740_1",10
"GCST005811",11
"GCST90038686",11
"GCST90038601",11
"GCST90038654",11
"SAIGE_835",12
"FINNGEN_R6_M13_KNEEDERANGEMENTS",12
"FINNGEN_R6_M13_MENISCUSDERANGEMENTS",12
"NEALE2_6159_7",12
"FINNGEN_R6_M13_OTHERJOINT",12
"FINNGEN_R6_RHEUMA_ENDPOINTS",12
"GCST005814",12
"NEALE2_20002_1465",12
"SAIGE_716",12
"SAIGE_716_9",12
"GCST007092",12
"SAIGE_740_11",12
"FINNGEN_R6_M13_ARTHROSIS_KNEE_PRIM_KNEESURG",12
"GCST005812",12
"GCST007090",12
"SAIGE_716_2",12
"FINNGEN_R6_PRIM_KNEEARTHROSIS",12
"FINNGEN_R6_OPER_ARTIF_JOINT_MENISC_RESECT",12
"FINNGEN_R6_M13_ARTHROSIS_KNEE_PRIM_ICD10",12
"FINNGEN_R6_M13_ARTHROSIS_KNEE",12
"FINNGEN_R6_M13_ARTHROSIS_INCLAVO",12
"FINNGEN_R6_M13_ARTHROSIS",12
"FINNGEN_R6_KNEE_ARTHROSIS",12
"FINNGEN_R6_M13_ARTHROPATHIES",12
"SAIGE_550",13
"GCST90038597",13
"GCST90038691",13
"SAIGE_550_2",13
"GCST90038624",13
"NEALE2_20002_1474",13
"GCST90038619",13
"NEALE2_20002_1138",13
"GCST90000514",13
"SAIGE_530_11",13
"SAIGE_535",13
"NEALE2_6154_5",13
"SAIGE_530_1",13
"SAIGE_530",13
"NEALE2_20003_1140864752",13
"NEALE2_20003_1140865634",13
"SAIGE_530_14",13
"GCST90000515",13
"SAIGE_530_12",13
"NEALE2_2844",14
"NEALE2_136",14
"NEALE2_2415",14
"SAIGE_599",15
"SAIGE_599_4",15
"SAIGE_208",16
"NEALE2_41231_1",17
"NEALE2_41235",17
"SAIGE_564",17
"SAIGE_564_9",17
"FINNGEN_R6_R18_ABDOMI_PELVIC_PAIN",17
"FINNGEN_R6_R18_SYMPTOMS_SIGNS_INVOLVI_DIGES_SYSTEM_ABDOMEN",17
"FINNGEN_R6_R18_SYMPTOMS_SIGNS_INVOLVI_CIRCULATO_RESPI_SYSTEMS",17
"FINNGEN_R6_R18_PAIN_THROAT_CHEST",17
"FINNGEN_R6_R18_ABNORMALITI_BREAT",17
"FINNGEN_R6_G6_EPIPAROX",18
"FINNGEN_R6_G6_NEURO",17
"FINNGEN_R6_RX_PARACETAMOL_NSAID",17
"FINNGEN_R6_J10_RESPIRATORY",19
"FINNGEN_R6_M13_SOFTTISSUEOTH",17
"FINNGEN_R6_K11_GIDISEASES",17
"FINNGEN_R6_K11_INTESTOTH",17
"SAIGE_339",20
"SAIGE_785",20
"SAIGE_558",20
"SAIGE_960",20
"SAIGE_960_2",20
"SAIGE_351",21
"FINNGEN_R6_G6_CARPTU",21
"FINNGEN_R6_G6_NERPLEX",21
"FINNGEN_R6_M13_ROTATORCUFF",17
"FINNGEN_R6_M13_ARTHROSIS_OTH",12
"FINNGEN_R6_M13_JOINTOTH",17
"SAIGE_726_1",22
"FINNGEN_R6_M13_SHOULDER",17
"SAIGE_726",22
"GCST90038653",23
"GCST90038697",23
"SAIGE_720",23
"SAIGE_722",23
"FINNGEN_R6_M13_SPONDYLOPATHY",23
"FINNGEN_R6_M13_INTERVERTEB",23
"FINNGEN_R6_M13_SPINSTENOSIS",23
"FINNGEN_R6_RX_CODEINE_TRAMADOL",17
"FINNGEN_R6_PAIN",17
"FINNGEN_R6_M13_SOFTTISSUE",17
"FINNGEN_R6_M13_SCIATICA",23
"FINNGEN_R6_M13_MUSCULOSKELETAL",17
"FINNGEN_R6_M13_LOWBACKPAINORANDSCIATICA",17
"FINNGEN_R6_M13_LOWBACKPAIN",17
"FINNGEN_R6_M13_DORSOPATHYOTH",23
"FINNGEN_R6_M13_DORSOPATHY",23
"FINNGEN_R6_JOINTPAIN",17
"FINNGEN_R6_M13_DORSALGIA",23
"NEALE2_20003_1140864992",24
"NEALE2_20003_1140923346",24
"SAIGE_721",23
"SAIGE_760",23
"NEALE2_6159_6",25
"NEALE2_6159_4",25
"NEALE2_6159_100",25
"NEALE2_6159_3",25
"GCST005903",26
"SAIGE_296",26
"SAIGE_296_2",26
"FINNGEN_R6_KRA_PSY_MOOD_EXMORE",26
"FINNGEN_R6_KRA_PSY_MOOD",26
"FINNGEN_R6_KRA_PSY_ANYMENTAL",26
"FINNGEN_R6_KRA_PSY_ANXIETY_EXMORE",26
"FINNGEN_R6_KRA_PSY_ANXIETY",26
"FINNGEN_R6_F5_PSYCH",26
"FINNGEN_R6_F5_NEUROTIC",26
"FINNGEN_R6_F5_MOOD",26
"FINNGEN_R6_F5_DEPRESSIO",26
"FINNGEN_R6_ANTIDEPRESSANTS",26
"FINNGEN_R6_F5_ALLANXIOUS",26
"FINNGEN_R6_F5_PERSOBEH",26
"FINNGEN_R6_F5_PERSONALITY",26
"GCST90038651",27
"NEALE2_20544_15",27
"GCST005902",27
"NEALE2_2090",27
"NEALE2_20544_11",27
"NEALE2_20546_3",27
"NEALE2_2100",27
"NEALE2_20499",27
"NEALE2_20547_1",27
"GCST90038600",27
"NEALE2_20425",27
"NEALE2_20550_1",27
"GCST90038650",27
"NEALE2_20549_3",27
"GCST90038641",27
"NEALE2_20002_1286",27
"GCST009980",28
"NEALE2_20500",28
"GCST009979",28
"NEALE2_20441",28
"NEALE2_20421",28
"NEALE2_20446",28
"NEALE2_20110_12",28
"NEALE2_20111_12",28
"NEALE2_4598",28
"NEALE2_4631",28
"GCST005904",28
"NEALE2_20126_0",28
"NEALE2_20495",29
"NEALE2_20497",29
"NEALE2_20498",29
"NEALE2_20516",29
"NEALE2_20515",29
"NEALE2_2070",29
"NEALE2_20505",29
"NEALE2_20506",29
"NEALE2_20509",29
"NEALE2_20512",29
"NEALE2_20520",29
"GCST006943",30
"NEALE2_1930",30
"GCST006944",30
"NEALE2_1920",30
"GCST006475",30
"GCST006947",30
"NEALE2_1960",30
"GCST006942",30
"NEALE2_2020",30
"NEALE2_20508",30
"NEALE2_20514",30
"NEALE2_2050",30
"NEALE2_2060",30
"NEALE2_20510",30
"GCST003769",30
"NEALE2_20507",30
"GCST006952",31
"NEALE2_1990",31
"GCST006950",31
"NEALE2_1980",31
"NEALE2_2010",31
"GCST006478",31
"GCST006948",31
"NEALE2_1970",31
"GCST006951",32
"NEALE2_1950",32
"GCST003770",32
"GCST005327",32
"GCST006940",32
"GCST005232",32
"NEALE2_20127_raw",32
"GCST006946",32
"NEALE2_2000",32
"GCST006945",32
"NEALE2_2030",32
"FINNGEN_R6_J10_UPPERDIS",19
"NEALE2_20003_1141176832",33
"SAIGE_495",19
"FINNGEN_R6_J10_LOWCHRON",19
"FINNGEN_R6_J10_ASTHMACOPDKELA",33
"FINNGEN_R6_J10_ASTHMA_MAIN_EXMORE",19
"FINNGEN_R6_J10_ASTHMA_MAIN",19
"FINNGEN_R6_J10_ASTHMA_INCLAVO",19
"FINNGEN_R6_J10_ASTHMA_EXMORE",19
"FINNGEN_R6_J10_ASTHMA",19
"FINNGEN_R6_ASTHMA_NAS_EXMORE",19
"FINNGEN_R6_ASTHMA_NAS",19
"FINNGEN_R6_ASTHMA_INFECTIONS",19
"FINNGEN_R6_ASTHMA_MODE",19
"GCST006862",33
"GCST90038596",33
"NEALE2_22127",33
"GCST90014325",33
"GCST90038616",33
"NEALE2_20003_1140861998",33
"NEALE2_20002_1111",33
"NEALE2_6152_8",33
"NEALE2_22619_0",33
"NEALE2_2316",33
"NEALE2_398",34
"NEALE2_4290_raw",34
"NEALE2_20018",34
"NEALE2_4291",34
"NEALE2_4979",35
"NEALE2_4968",35
"NEALE2_5012",35
"NEALE2_5699",35
"NEALE2_20128",35
"NEALE2_5001",35
"NEALE2_4957",35
"NEALE2_4990",35
"GCST004364",35
"NEALE2_20016_raw",35
"GCST006572",35
"GCST003498",35
"GCST006250",35
"NEALE2_22607_1",36
"NEALE2_6138_5",36
"NEALE2_4825",36
"NEALE2_22606_2",36
"NEALE2_22609_2",36
"NEALE2_738",37
"NEALE2_6138_4",37
"NEALE2_806",37
"NEALE2_816",37
"NEALE2_845",37
"NEALE2_6138_3",37
"NEALE2_5556",37
"NEALE2_6138_2",37
"NEALE2_6138_6",37
"GCST002598",37
"NEALE2_22501_raw",37
"NEALE2_6138_1",37
"GCST003496",37
"NEALE2_6138_100",37
"GCST001837",38
"NEALE2_6147_4",38
"NEALE2_22620_1",38
"NEALE2_826",38
"GCST90000026",39
"GCST90000025",39
"GCST90000027",39
"NEALE2_100010",39
"NEALE2_23113_raw",39
"NEALE2_23114_raw",39
"NEALE2_23117_raw",39
"NEALE2_23118_raw",39
"NEALE2_23129_raw",39
"NEALE2_23130_raw",39
"NEALE2_23121_raw",39
"NEALE2_23122_raw",39
"NEALE2_23125_raw",39
"NEALE2_23126_raw",39
"NEALE2_23105_raw",39
"NEALE2_23101_raw",39
"NEALE2_23102_raw",39
"GCST90025982",40
"NEALE2_4105_raw",40
"NEALE2_4106_raw",40
"NEALE2_78_raw",40
"NEALE2_4125_raw",40
"NEALE2_4124_raw",40
"NEALE2_4123_raw",40
"NEALE2_3148_raw",40
"GCST006288",40
"NEALE2_3147_raw",40
"GCST006979",40
"NEALE2_4104_raw",40
"NEALE2_4120_raw",40
"NEALE2_3144_raw",40
"NEALE2_4101_raw",40
"NEALE2_30140_raw",41
"GCST90002351",41
"GCST004620",41
"GCST004629",41
"GCST004626",41
"GCST90025977",41
"GCST004614",41
"GCST004613",41
"GCST90002398",41
"NEALE2_30000_raw",41
"GCST90002374",41
"GCST90025985",41
"GCST004610",41
"GCST90002407",41
"NEALE2_6152_6",42
"GCST90038617",42
"NEALE2_20002_1113",42
"NEALE2_20110_6",42
"NEALE2_20107_6",42
"SAIGE_496_21",42
"FINNGEN_R6_J10_COPDNAS_INCLAVO",42
"FINNGEN_R6_J10_COPD",42
"FINNGEN_R6_J10_COPDNAS",42
"SAIGE_496",42
"SAIGE_496_2",42
"FINNGEN_R6_O15_ABORT_MEDICAL",43
"FINNGEN_R6_O15_PREG_ABORT",43
"SAIGE_317",43
"FINNGEN_R6_OFFICIAL_TILASTOKESKUS",43
"FINNGEN_R6_KRA_PSY_SUBSTANCE_EXMORE",43
"FINNGEN_R6_KRA_PSY_SUBSTANCE",43
"FINNGEN_R6_F5_SUBSTANCE",43
"FINNGEN_R6_F5_ALCOHOL_DEPENDENCE",43
"FINNGEN_R6_F5_ALCOHOL",43
"FINNGEN_R6_AUD_SWEDISH",43
"FINNGEN_R6_AUD",43
"FINNGEN_R6_ALCOHOL_RELATED",43
"FINNGEN_R6_ALCOHOLMENTAL",43
"NEALE2_30280_raw",44
"GCST90025971",44
"GCST004628",44
"GCST90002387",44
"NEALE2_30290_raw",45
"NEALE2_30300_raw",45
"NEALE2_30240_raw",45
"NEALE2_30250_raw",45
"GCST004612",45
"GCST90002386",45
"GCST90025970",45
"GCST004611",45
"GCST90002385",45
"GCST90002406",45
"GCST90025972",45
"GCST004622",45
"GCST90002405",45
"NEALE2_30040_raw",46
"GCST004602",46
"GCST90002334",46
"GCST90002392",46
"GCST90025963",46
"NEALE2_30050_raw",46
"GCST004630",46
"GCST90002322",46
"GCST90002390",46
"GCST90025962",46
"GCST90002396",47
"GCST90025975",47
"NEALE2_30260_raw",47
"NEALE2_30270_raw",47
"GCST90002397",47
"GCST90025976",47
"NEALE2_30010_raw",48
"GCST004601",48
"GCST90002363",48
"GCST90002403",48
"GCST90025964",48
"NEALE2_30030_raw",49
"GCST90002383",49
"GCST004604",49
"GCST90002304",49
"GCST004615",49
"GCST90002310",49
"NEALE2_30020_raw",49
"GCST90002384",49
"GCST90025969",49
"NEALE2_5104_raw",50
"NEALE2_5107_raw",50
"NEALE2_5100_raw",50
"NEALE2_5115_raw",50
"NEALE2_5103_raw",50
"NEALE2_5112_raw",50
"NEALE2_5105_raw",50
"NEALE2_5106_raw",50
"NEALE2_5114_raw",50
"NEALE2_5113_raw",50
"NEALE2_5101_raw",50
"NEALE2_5102_raw",50
"GCST006620",51
"NEALE2_2178",51
"NEALE2_20459",51
"NEALE2_4548",51
"NEALE2_20517",52
"NEALE2_20511",52
"NEALE2_20519",52
"GCST004158",52
"NEALE2_2080",52
"GCST006906",53
"GCST006908",53
"GCST90038607",54
"GCST90038615",54
"SAIGE_418",54
"SAIGE_459",54
"SAIGE_459_9",54
"NEALE2_1538_1",55
"NEALE2_135",51
"NEALE2_137",51
"NEALE2_2492",51
"GCST90020053",51
"NEALE2_2188",51
"NEALE2_3606",24
"NEALE2_4728",24
"NEALE2_6159_8",24
"NEALE2_4717",24
"NEALE2_6146_3",24
"NEALE2_6146_100",24
"NEALE2_6146_2",24
"NEALE2_30150",56
"GCST004624",56
"GCST90002298",56
"GCST90002381",56
"GCST004606",56
"GCST90025987",56
"GCST004617",56
"GCST004623",56
"NEALE2_30210_raw",56
"GCST004600",56
"GCST90002382",56
"FINNGEN_R6_E4_ENDONUTRMET",55
"GCST90038599",57
"GCST90038637",57
"GCST90038635",57
"NEALE2_20002_1226",57
"SAIGE_244",57
"FINNGEN_R6_HYPOTHYROIDISM",57
"FINNGEN_R6_HYPOTHY_LEVOTHY",57
"FINNGEN_R6_HYPOTHY_PURCHASE",57
"NEALE2_20003_1141191044",57
"SAIGE_244_4",57
"NEALE2_2764_raw",58
"NEALE2_2754_raw",58
"GCST90000048",58
"GCST90000050",58
"GCST90000046",58
"GCST90000047",58
"NEALE2_2139_raw",58
"GCST90000045",58
"NEALE2_2794_raw",58
"NEALE2_20116_1",59
"NEALE2_20160",59
"NEALE2_20116_0",59
"NEALE2_22506_114",59
"NEALE2_1249",59
"NEALE2_22506_113",59
"NEALE2_1259",60
"SAIGE_318",60
"NEALE2_1239",60
"NEALE2_20116_2",60
"NEALE2_1269",60
"NEALE2_1279",60
"NEALE2_6164_1",61
"NEALE2_6164_100",61
"NEALE2_2867_raw",61
"NEALE2_1787",61
"SAIGE_306",61
"NEALE2_5263_raw",62
"GCST004074",62
"NEALE2_5255_raw",62
"NEALE2_5254_raw",62
"NEALE2_5262_raw",62
"NEALE2_6148_2",63
"GCST90038640",63
"NEALE2_20002_1277",63
"FINNGEN_R6_H7_GLAUCOMA",63
"SAIGE_365",63
"GCST009722",63
"GCST90038648",63
"GCST90016610",64
"GCST003043",64
"GCST004131",64
"GCST003044",64
"GCST004132",64
"FINNGEN_R6_K11_ENERCOLNONINF",65
"GCST90038683",65
"GCST90038684",65
"GCST003045",65
"GCST004133",65
"SAIGE_327_3",18
"SAIGE_327",18
"FINNGEN_R6_SLEEP",18
"FINNGEN_R6_G6_SLEEPAPNO",18
"FINNGEN_R6_G6_SLEEPAPNO_INCLAVO",18
"GCST009761",66
"GCST009762",66
"GCST009763",66
"GCST009760",66
"NEALE2_1210",66
"NEALE2_5096_raw",67
"NEALE2_5099_raw",67
"NEALE2_5097_raw",67
"NEALE2_5098_raw",67
"NEALE2_5132_raw",67
"NEALE2_5135_raw",67
"NEALE2_5133_raw",67
"NEALE2_5134_raw",67
"GCST90038664",68
"NEALE2_6152_9",68
"GCST90038603",68
"NEALE2_22126",68
"GCST90038661",68
"NEALE2_20002_1387",68
"GCST005038",68
"NEALE2_6152_100",68
"NEALE2_24019_raw",69
"NEALE2_24018_raw",69
"NEALE2_24017_raw",69
"NEALE2_24007_raw",69
"NEALE2_24016_raw",69
"NEALE2_189_raw",70
"NEALE2_24006_raw",70
"NEALE2_670_1",70
"NEALE2_24003_raw",70
"NEALE2_24004_raw",70
"NEALE2_30090_raw",71
"GCST004607",71
"GCST90002400",71
"NEALE2_30080_raw",71
"GCST004603",71
"GCST90002357",71
"GCST90002402",71
"GCST90025951",71
"NEALE2_30160",72
"GCST90002379",72
"GCST90025997",72
"GCST004618",72
"GCST90002292",72
"GCST90002380",73
"NEALE2_30220_raw",73
"GCST004631",73
"GCST004634",73
"NEALE2_30180_raw",74
"GCST004632",74
"GCST90002389",74
"GCST90014287",74
"NEALE2_30200_raw",74
"GCST004633",74
"GCST90002399",74
"GCST90007526",75
"GCST90007530",75
"GCST90007527",75
"GCST90007529",75
"GCST90007528",75
"NEALE2_46_raw",75
"NEALE2_47_raw",75
"NEALE2_20489",76
"NEALE2_20488",76
"NEALE2_20523",76
"NEALE2_20521",76
"GCST009982",76
"NEALE2_20487",76
"NEALE2_20479",77
"NEALE2_20485",77
"GCST009984",77
"NEALE2_20490",77
"NEALE2_20531",77
"FINNGEN_R6_KRA_PSY_SCHIZODEL_EXMORE",78
"GCST90016618",78
"GCST90016619",78
"GCST90016620",78
"GCST90016622",78
"GCST90016623",78
"GCST90016624",78
"GCST90016604",79
"GCST90016605",79
"GCST90016607",79
"GCST003724",79
"GCST90016606",79
"GCST90016608",79
"GCST90016609",79
"GCST006804",80
"NEALE2_30070_raw",80
"GCST90002369",80
"GCST004621",80
"GCST90002404",80
"GCST90025988",80
"GCST007429",81
"GCST90025998",81
"GCST007432",81
"NEALE2_20154_raw",81
"GCST90014242",82
"GCST90014240",82
"GCST90014241",82
"GCST90016668",82
"NEALE2_20150_raw",82
"NEALE2_3063_raw",82
"NEALE2_20151_raw",82
"NEALE2_3062_raw",82
"NEALE2_20003_1140871310",83
"NEALE2_6154_2",83
"NEALE2_6154_100",83
"NEALE2_20003_2038460150",83
"NEALE2_6154_3",83
"NEALE2_3799",84
"NEALE2_6159_1",84
"GCST90038646",84
"NEALE2_20002_1265",84
"FINNGEN_R6_MIGRAINE_TRIPTAN",84
"GCST90038638",84
"NEALE2_4559",85
"NEALE2_4570",85
"GCST003766",85
"NEALE2_20460",85
"NEALE2_4537",85
"NEALE2_20458",85
"NEALE2_4526",85
"GCST90002346",86
"GCST90025960",86
"NEALE2_30100_raw",86
"GCST004599",86
"GCST90002395",86
"NEALE2_30120_raw",87
"GCST90002316",87
"GCST90025984",87
"GCST004627",87
"GCST90002388",87
"FINNGEN_R6_FG_DISVEINLYMPH",88
"SAIGE_454_1",88
"SAIGE_454",88
"FINNGEN_R6_I9_DISVEINLYMPH",88
"FINNGEN_R6_I9_VARICVE",88
"NEALE2_30130_raw",89
"GCST90025950",89
"GCST004625",89
"GCST90002340",89
"GCST004608",90
"NEALE2_30190_raw",90
"GCST004609",90
"GCST90002394",90
"SAIGE_562_1",91
"FINNGEN_R6_K11_DIVERTIC",91
"SAIGE_562",91
"GCST90038682",91
"NEALE2_20002_1458",91
"GCST90012791",92
"GCST90012792",92
"GCST90012790",92
"NEALE2_110001",92
"NEALE2_20077",92
"SAIGE_735_3",93
"FINNGEN_R6_M13_HALLUXVALGUS",93
"SAIGE_735",93
"FINNGEN_R6_M13_HAMMERTOE",93
"SAIGE_735_2",93
"NEALE2_20015_raw",94
"NEALE2_1697",94
"GCST90025949",94
"NEALE2_20153_raw",94
"NEALE2_50_raw",94
"GCST005346",95
"GCST005350",95
"GCST90038656",95
"GCST90038652",95
"NEALE2_20002_1309",95
"NEALE2_23107_raw",96
"NEALE2_23108_raw",96
"NEALE2_23106_raw",96
"NEALE2_23109_raw",96
"NEALE2_23110_raw",96
"GCST90016598",97
"GCST90016595",97
"GCST90016596",97
"GCST90016597",97
"GCST005362",97
"GCST90016612",97
"NEALE2_6147_2",98
"NEALE2_2217_raw",98
"NEALE2_6147_1",98
"NEALE2_5084_raw",98
"NEALE2_5085_raw",98
"NEALE2_20548_1",99
"NEALE2_20548_2",99
"GCST006941",99
"NEALE2_1940",99
"NEALE2_20502",99
"NEALE2_4653",99
"GCST005069",100
"GCST004940",100
"GCST005064",100
"GCST005067",101
"GCST005061",101
"GCST005062",101
"NEALE2_6179_2",102
"NEALE2_6179_1",102
"NEALE2_6179_100",102
"NEALE2_6155_3",103
"NEALE2_6179_4",103
"NEALE2_6155_100",103
"NEALE2_6155_7",103
"NEALE2_404_raw",104
"NEALE2_20023_raw",104
"GCST003499",104
"GCST006268",104
"NEALE2_6143_4",105
"NEALE2_6162_4",105
"NEALE2_6164_3",106
"NEALE2_6160_1",106
"GCST006100",106
"NEALE2_6164_2",106
"GCST004605",107
"GCST90002328",107
"GCST90002391",107
"NEALE2_30060_raw",107
"NEALE2_3393",108
"NEALE2_2257",108
"GCST90012115",108
"NEALE2_2247_0",108
"NEALE2_2247_1",108
"NEALE2_20001_1061",109
"SAIGE_172",109
"GCST90013410",109
"SAIGE_172_2",109
"NEALE2_5257_raw",110
"NEALE2_5265_raw",110
"NEALE2_5256_raw",110
"NEALE2_5264_raw",110
"GCST006686",111
"GCST003839",111
"NEALE2_1160",111
"GCST006488",112
"GCST004695",112
"NEALE2_1200",112
"GCST005314",113
"NEALE2_2744",113
"GCST007557",113
"NEALE2_20022_raw",113
"NEALE2_1468_5",114
"NEALE2_1448_1",114
"NEALE2_1448_3",114
"NEALE2_1319",114
"NEALE2_1468_4",114
"GCST006098",115
"NEALE2_904",115
"GCST006097",115
"NEALE2_884",115
"NEALE2_6162_3",116
"NEALE2_6143_1",116
"NEALE2_6143_3",116
"NEALE2_6143_2",116
"NEALE2_6162_2",116
"NEALE2_1558",117
"NEALE2_20414",117
"NEALE2_20117_0",117
"NEALE2_20117_1",117
"NEALE2_20117_2",117
"NEALE2_1050",118
"NEALE2_1060",118
"NEALE2_914_raw",119
"NEALE2_874_raw",119
"NEALE2_894",119
"NEALE2_4283",120
"NEALE2_4260",120
"NEALE2_4282",120
"GCST005070",121
"GCST005063",121
"GCST005066",121
"SAIGE_366",122
"FINNGEN_R6_H7_CATARACTSENILE",122
"FINNGEN_R6_H7_LENS",122
"SAIGE_728",123
"SAIGE_728_7",123
"SAIGE_728_71",123
"GCST003372",124
"GCST003401",124
"GCST90025946",124
"GCST004616",125
"GCST90002401",125
"NEALE2_30110_raw",125
"NEALE2_2395_1",126
"GCST006661",126
"NEALE2_2395_4",126
"NEALE2_5118_raw",127
"NEALE2_5116_raw",127
"NEALE2_5119_raw",127
"GCST90000294",128
"GCST90000292",128
"GCST90000293",128
"GCST005180",129
"GCST000571",129
"GCST005185",129
"NEALE2_4100_raw",130
"NEALE2_3143_raw",130
"NEALE2_4119_raw",130
"NEALE2_1687",131
"GCST001475",131
"GCST90002409",131
"GCST90038680",132
"GCST90038602",132
"GCST90038679",132
"GCST90013791",133
"GCST90000529",133
"GCST90014023",133
"NEALE2_5109_raw",134
"NEALE2_5108_raw",134
"NEALE2_5111_raw",134
"GCST90038631",135
"SAIGE_594",135
"SAIGE_594_1",135
"NEALE2_400_raw",136
"GCST003497",136
"NEALE2_399_raw",136
"NEALE2_5983_raw",137
"NEALE2_102_raw",137
"NEALE2_4194_raw",137
"NEALE2_1170",138
"GCST003837",138
"NEALE2_1180",138
"NEALE2_2724",139
"NEALE2_3581_raw",139
"NEALE2_2814",139
"NEALE2_3536_raw",139
"NEALE2_1220",140
"GCST011494",140
"NEALE2_1190",140
"NEALE2_6162_1",141
"NEALE2_728",141
"NEALE2_1110",141
"NEALE2_1090",141
"NEALE2_1130",141
"NEALE2_2473",142
"NEALE2_6145_1",142
"NEALE2_4581",143
"NEALE2_6145_100",143
"NEALE2_6145_6",143
"NEALE2_6157_100",144
"NEALE2_6157_3",144
"NEALE2_6139_3",145
"NEALE2_22607_0",145
"NEALE2_777",145
"NEALE2_1508_2",146
"NEALE2_1508_3",146
"NEALE2_1568",146
"NEALE2_1618",146
"NEALE2_20403",147
"NEALE2_20416",147
"NEALE2_20405_0",147
"NEALE2_3731",147
"GCST90038621",148
"GCST90038626",148
"NEALE2_2335",148
"NEALE2_6159_5",148
"NEALE2_1418_1",149
"NEALE2_1418_3",149
"NEALE2_1418_2",149
"NEALE2_1428_0",149
"NEALE2_1369",150
"NEALE2_1379",150
"NEALE2_1389",150
"NEALE2_2714",151
"NEALE2_2375",151
"NEALE2_2385",151
"NEALE2_1797",152
"GCST90012877",152
"GCST90012878",152
"SAIGE_574",153
"SAIGE_574_1",153
"NEALE2_1873",154
"NEALE2_1883",154
"GCST90000512",155
"GCST90000513",155
"GCST004988",156
"SAIGE_174",156
"GCST004772",157
"GCST005345",157
"GCST000755",158
"GCST002223",158
"FINNGEN_R6_N14_ENDOMETRIOSIS_ASRM_STAGE3_4",159
"FINNGEN_R6_N14_ENDOMETRIOSIS_OVARY",159
"FINNGEN_R6_K11_HERING",160
"SAIGE_550_1",160
"GCST007431",161
"GCST90025978",161
"GCST006810",162
"NEALE2_2040",162
"GCST90012857",163
"NEALE2_2296",163
"NEALE2_1707_1",164
"NEALE2_1707_2",164
"GCST90013405",165
"GCST90025979",165
"NEALE2_1150_1",166
"NEALE2_1150_2",166
"GCST005186",167
"GCST90025986",167
"GCST004075",168
"GCST004137",168
"GCST000679",169
"GCST90016625",169
"GCST000964",170
"GCST006980",170
"NEALE2_1428_1",171
"NEALE2_1428_3",171
"NEALE2_4803_0",172
"NEALE2_4803_11",172
"NEALE2_1021",173
"NEALE2_2634",173
"NEALE2_1538_0",174
"NEALE2_1538_2",174
"NEALE2_2664_3",175
"NEALE2_2664_5",175
"GCST008403",176
"NEALE2_4196_raw",176
"GCST000758",177
"GCST90025957",177
"GCST007430",178
"NEALE2_3064_raw",178
"NEALE2_2834",179
"NEALE2_3591",179
"GCST90012794",180
"NEALE2_1080",180
"NEALE2_2149",181
"NEALE2_3849",181
"NEALE2_1329",182
"NEALE2_1339",182
"NEALE2_6149_100",183
"NEALE2_6149_6",183
"NEALE2_699_raw",184
"NEALE2_757_raw",184
"GCST90012112",185
"GCST90012114",185
"GCST90016599",186
"GCST90016613",186
"NEALE2_20453",187
"NEALE2_2159",187
"NEALE2_6164_4",188
"NEALE2_6164_5",188
"GCST90012102",189
"GCST90012104",189
"SAIGE_593",16
"SAIGE_455",16
"SAIGE_361",16
"NEALE2_981",16
"NEALE2_971",16
"NEALE2_943",16
"NEALE2_924",16
"NEALE2_864",16
"NEALE2_767_raw",16
"NEALE2_709",16
"NEALE2_6179_3",16
"NEALE2_6154_6",16
"NEALE2_6149_4",16
"NEALE2_6149_3",16
"NEALE2_6149_1",16
"NEALE2_6145_2",16
"NEALE2_4836",16
"NEALE2_4277",16
"NEALE2_3761_raw",16
"NEALE2_3647",16
"NEALE2_3637",16
"NEALE2_3571",16
"NEALE2_3476",16
"NEALE2_30530_raw",16
"NEALE2_30520_raw",16
"NEALE2_2926",16
"NEALE2_2887",16
"NEALE2_2644",16
"NEALE2_2463",16
"NEALE2_2405",16
"NEALE2_2395_2",16
"NEALE2_2365",16
"NEALE2_2345",16
"NEALE2_2306",16
"NEALE2_2277",16
"NEALE2_2267",16
"NEALE2_22502",16
"NEALE2_2237",16
"NEALE2_2207",16
"NEALE2_2129",16
"NEALE2_2110",16
"NEALE2_20536_0",16
"NEALE2_20530",16
"NEALE2_20522",16
"NEALE2_20491",16
"NEALE2_20152",16
"NEALE2_20107_3",16
"NEALE2_20107_101",16
"NEALE2_20019_raw",16
"NEALE2_1757",16
"NEALE2_1737",16
"NEALE2_1677",16
"NEALE2_1628",16
"NEALE2_1598",16
"NEALE2_1588",16
"NEALE2_1578",16
"NEALE2_1548",16
"NEALE2_1528",16
"NEALE2_1518",16
"NEALE2_1508_1",16
"NEALE2_1498",16
"NEALE2_1488_raw",16
"NEALE2_1478",16
"NEALE2_1468_3",16
"NEALE2_1468_1",16
"NEALE2_1458",16
"NEALE2_1448_2",16
"NEALE2_1438_raw",16
"NEALE2_1418_6",16
"NEALE2_1418_4",16
"NEALE2_1408",16
"NEALE2_1359",16
"NEALE2_1349",16
"NEALE2_1309",16
"NEALE2_1299",16
"NEALE2_1289",16
"NEALE2_1150_3",16
"NEALE2_1140",16
"NEALE2_1120",16
"NEALE2_1100",16
"NEALE2_1070",16
"NEALE2_1031",16
"NEALE2_1011",16
"NEALE2_100001_raw",16
"GCST90060509",16
"GCST90038598",16
"GCST90025996",16
"GCST90025995",16
"GCST90025992",16
"GCST90025991",16
"GCST90025990",16
"GCST90025989",16
"GCST90025980",16
"GCST90025974",16
"GCST90025966",16
"GCST90025965",16
"GCST90025948",16
"GCST90025945",16
"GCST90016675",16
"GCST90016673",16
"GCST90016670",16
"GCST90016669",16
"GCST90016667",16
"GCST90016666",16
"GCST90016621",16
"GCST90016616",16
"GCST90016615",16
"GCST90016614",16
"GCST90016602",16
"GCST90016601",16
"GCST90016600",16
"GCST90014292",16
"GCST90014290",16
"GCST90014267",16
"GCST90014266",16
"GCST90014033",16
"GCST90013474",16
"GCST90012793",16
"GCST90012103",16
"GCST90002227",16
"GCST006586",16
"GCST006464",16
"GCST006366",16
"GCST006099",16
"GCST006085",16
"GCST005531",16
"GCST005523",16
"GCST005353",16
"GCST005074",16
"GCST005068",16
"GCST004941",16
"GCST004939",16
"GCST004770",16
"GCST003129",16
"FINNGEN_R6_N14_FEMGENPROL",16
"FINNGEN_R6_THYROID_DISORDER_IBD",16
"NEALE2_20111_9",55
"SAIGE_250_2",55
"SAIGE_250",55
"NEALE2_2443",55
"NEALE2_20003_1140884600",55
"NEALE2_20003_1140874744",55
"GCST006867",55
"NEALE2_20002_1220",55
"NEALE2_20107_9",55
"NEALE2_20110_9",55
"GCST90038633",55
"GCST005413",55
"GCST005047",55
"FINNGEN_R6_T2D_WIDE",55
"FINNGEN_R6_T2D_INCLAVO",55
"FINNGEN_R6_T2D",55
"FINNGEN_R6_KELA_DIAB_INSUL_EXMORE",55
"FINNGEN_R6_KELA_DIAB_INSUL",55
"FINNGEN_R6_E4_DM2NOCOMP",55
"FINNGEN_R6_E4_DM2NASCOMP",55
"FINNGEN_R6_E4_DM2_STRICT",55
"FINNGEN_R6_E4_DM2",55
"FINNGEN_R6_E4_DIABETES",55
"FINNGEN_R6_DIABETES_FG",55
"FINNGEN_R6_DM_OTHER_WIDE",55
"GCST90016671",16
"GCST003367",190
"NEALE2_23111_raw",190
"NEALE2_23115_raw",190
"NEALE2_23119_raw",190
"NEALE2_23123_raw",190
"NEALE2_23099_raw",190
"NEALE2_23127_raw",190
"NEALE2_20536_1",190
"FINNGEN_R6_I9_HEARTFAIL_NS",3
"FINNGEN_R6_I9_HEARTFAIL_AND_OVERWEIGHT",3
"FINNGEN_R6_E4_OBESITYNAS",190
"FINNGEN_R6_E4_OBESITYCAL",190
"FINNGEN_R6_E4_OBESITY_HYPER",190
"FINNGEN_R6_E4_NUTRIDEF",190
"FINNGEN_R6_E4_OBESITY",190
"SAIGE_278",190
"SAIGE_278_1",190
"GCST002783",190
"GCST90025994",190
"NEALE2_21001_raw",190
"NEALE2_23104_raw",190
"NEALE2_49_raw",190
"NEALE2_21002_raw",190
"NEALE2_23098_raw",190
"GCST90016672",190
"NEALE2_48_raw",190
"NEALE2_23100_raw",190
"NEALE2_23128_raw",190
"NEALE2_23112_raw",190
"NEALE2_23116_raw",190
"NEALE2_23120_raw",190
"NEALE2_23124_raw",190
